id,chain,town,state,address,phone,store_url,evidence,status,source_checked,store_contacted,cart_location,cart_count,availability,cart_source_url,cart_source_date
target-2249,Target,Ansonia,CT,"20 W Main St, Ansonia, CT 06401-1812",203-278-5055,https://www.target.com/sl/ansonia/2249,ansonia,historical,2026-10-04,,,,Not confirmed with this branch,https://www.berlinerspecialedlaw.com/news-you-can-use/conn-stores-using-carolines-cart-cart-designed-children-and-adults-special-needs/,2016
bigy-bethel,Big Y,Bethel,CT,"83 Stony Hill Road, Bethel, CT 06801",203-791-8589,https://www.bigy.com/store-locator,bigy,historical,2026-10-04,,,,Not confirmed with this branch,https://i95rock.com/carolines-cart-makes-shopping-easier-for-kids-with-special-needs-video/,2016-06-04
walmart-3543,Walmart,Danbury,CT,"67 Newtown Rd, Danbury, CT 06810",203-791-1929,https://www.walmart.com/store/3543-danbury-ct,walmart,policy,2026-10-05,,,,Not confirmed with this branch,https://corporate.walmart.com/purpose/making-shopping-more-accessible-for-everyone,
walmart-5095,Walmart,Hartford,CT,"495 Flatbush Avenue, Hartford, CT 06106",860-953-0040,https://www.walmart.com/store/5095-hartford-ct,walmart,policy,2026-10-04,,,,Not confirmed with this branch,https://corporate.walmart.com/purpose/making-shopping-more-accessible-for-everyone,
target-1249,Target,Manchester,CT,"125 Buckland Hills Dr, Manchester, CT 06042-8701",860-327-0082,https://www.target.com/sl/manchester/1249,target-chain,chain,2026-10-05,,,,Not confirmed with this branch,https://idrpp.usu.edu/uatp/blog/2025/carolines-cart,2025-04-14
walmart-1891,Walmart,Manchester,CT,"420 Buckland Hills Dr, Manchester, CT 06042",860-644-5100,https://www.walmart.com/store/1891-manchester-ct,walmart,policy,2026-10-04,,,,Not confirmed with this branch,https://corporate.walmart.com/purpose/making-shopping-more-accessible-for-everyone,
bigy-monroe,Big Y,Monroe,CT,"535 Monroe Turnpike, Monroe, CT 06468",203-452-9002,https://www.bigy.com/store-locator/535-monroe-turnpike-35,bigy,historical,2026-10-04,,,,Not confirmed with this branch,https://i95rock.com/carolines-cart-makes-shopping-easier-for-kids-with-special-needs-video/,2016-06-04
bigy-naugatuck,Big Y,Naugatuck,CT,"85 Bridge Street Rt 68, Naugatuck, CT 06770",203-729-4124,https://www.bigy.com/store-locator/85-bridge-street-rt-68-32,bigy,historical,2026-10-04,,,,Not confirmed with this branch,https://i95rock.com/carolines-cart-makes-shopping-easier-for-kids-with-special-needs-video/,2016-06-04
bigy-new-milford,Big Y,New Milford,CT,"1 Kent Road, New Milford, CT 06776",860-355-2628,https://www.bigy.com/store-locator/1-kent-road-56,bigy,historical,2026-10-04,,,,Not confirmed with this branch,https://i95rock.com/carolines-cart-makes-shopping-easier-for-kids-with-special-needs-video/,2016-06-04
bigy-newtown,Big Y,Newtown,CT,"6 Queen Street, Newtown, CT 06470",203-270-7838,https://www.bigy.com/store-locator,bigy,historical,2026-10-04,,,,Not confirmed with this branch,https://i95rock.com/carolines-cart-makes-shopping-easier-for-kids-with-special-needs-video/,2016-06-04
walmart-2954,Walmart,Norwalk,CT,"650 Main Ave, Norwalk, CT 06851",203-846-4514,https://www.walmart.com/store/2954-norwalk-ct,walmart,policy,2026-10-04,,,,Not confirmed with this branch,https://corporate.walmart.com/purpose/making-shopping-more-accessible-for-everyone,
wegmans-norwalk,Wegmans,Norwalk,CT,"675 Connecticut Ave, Norwalk, CT 06854",203-299-3300,https://www.wegmans.com/stores/norwalk-ct,wegmans,chain,2026-10-04,,,,Not confirmed with this branch,https://idrpp.usu.edu/uatp/blog/2025/carolines-cart,2025-04-14
walmart-1980,Walmart,Putnam,CT,"625 School St, Putnam, CT 06260",860-928-3999,https://www.walmart.com/store/1980-putnam-ct,walmart,policy,2026-10-05,,,,Not confirmed with this branch,https://corporate.walmart.com/purpose/making-shopping-more-accessible-for-everyone,
walmart-2144,Walmart,Torrington,CT,"970 Torringford St, Torrington, CT 06790",860-496-8653,https://www.walmart.com/store/2144-torrington-ct,walmart,policy,2026-10-05,,,,Not confirmed with this branch,https://corporate.walmart.com/purpose/making-shopping-more-accessible-for-everyone,
walmart-2331,Walmart,Waterford,CT,"155 Waterford Parkway No., Waterford, CT 06385",860-447-3646,https://www.walmart.com/store/2331-waterford-ct/,walmart,policy,2026-10-05,,,,Not confirmed with this branch,https://corporate.walmart.com/purpose/making-shopping-more-accessible-for-everyone,
wegmans-burlington,Wegmans,Burlington,MA,"53 Third Avenue, Burlington, MA 01803",781-418-0700,https://www.wegmans.com/stores/burlington-ma,wegmans,chain,2026-10-04,,,,Not confirmed with this branch,https://idrpp.usu.edu/uatp/blog/2025/carolines-cart,2025-04-14
walmart-2903,Walmart,Chelmsford,MA,"66 Parkhurst Rd, Chelmsford, MA 01824",978-459-1818,https://www.walmart.com/store/2903-chelmsford-ma,walmart,policy,2026-10-04,,,,Not confirmed with this branch,https://corporate.walmart.com/purpose/making-shopping-more-accessible-for-everyone,
wegmans-chestnut-hill,Wegmans,Chestnut Hill,MA,"200 Boylston Street, Chestnut Hill, MA 02467",617-762-2000,https://www.wegmans.com/stores/chestnut-hill-ma,wegmans,chain,2026-10-04,,,,Not confirmed with this branch,https://idrpp.usu.edu/uatp/blog/2025/carolines-cart,2025-04-14
target-1308,Target,Framingham,MA,"400 Cochituate Rd, Framingham, MA 01701-4655",508-628-3136,https://www.target.com/sl/framingham/1308,target-chain,chain,2026-10-05,,,,Not confirmed with this branch,https://idrpp.usu.edu/uatp/blog/2025/carolines-cart,2025-04-14
walmart-2902,Walmart,Framingham,MA,"121 Worcester Rd, Framingham, MA 01701",508-872-6575,https://www.walmart.com/store/2902-framingham-ma,walmart,policy,2026-10-05,,,,Not confirmed with this branch,https://corporate.walmart.com/purpose/making-shopping-more-accessible-for-everyone,
walmart-1970,Walmart,Hudson,MA,"280 Washington St, Hudson, MA 01749",978-568-3383,https://www.walmart.com/store/1970-hudson-ma,walmart,policy,2026-10-04,,,,Not confirmed with this branch,https://corporate.walmart.com/purpose/making-shopping-more-accessible-for-everyone,
target-1516,Target,Marlborough,MA,"423 Donald Lynch Blvd, Marlborough, MA 01752-4709",508-573-1004,https://www.target.com/sl/marlborough/1516,target-chain,chain,2026-10-05,,,,Not confirmed with this branch,https://idrpp.usu.edu/uatp/blog/2025/carolines-cart,2025-04-14
wegmans-medford,Wegmans,Medford,MA,"3850 Mystic Valley Parkway, Medford, MA 02155",339-221-5700,https://www.wegmans.com/stores/medford-ma,wegmans,chain,2026-10-04,,,,Not confirmed with this branch,https://idrpp.usu.edu/uatp/blog/2025/carolines-cart,2025-04-14
walmart-3491,Walmart,Methuen,MA,"70 Pleasant Valley St, Methuen, MA 01844",978-686-2633,https://www.walmart.com/store/3491-methuen-ma,walmart,policy,2026-10-04,,,,Not confirmed with this branch,https://corporate.walmart.com/purpose/making-shopping-more-accessible-for-everyone,
walmart-2660,Walmart,North Reading,MA,"72 Main St, North Reading, MA 01864",978-664-3262,https://www.walmart.com/store/2660-north-reading-ma,walmart,policy,2026-10-04,,,,Not confirmed with this branch,https://corporate.walmart.com/purpose/making-shopping-more-accessible-for-everyone,
wegmans-northborough,Wegmans,Northborough,MA,"9102 Shops Way, Northborough, MA 01532",508-936-1900,https://www.wegmans.com/stores/northborough-ma,wegmans,chain,2026-10-04,,,,Not confirmed with this branch,https://idrpp.usu.edu/uatp/blog/2025/carolines-cart,2025-04-14
walmart-2228,Walmart,Pittsfield,MA,"555 Hubbard Ave Ste 12, Pittsfield, MA 01201",413-442-1971,https://www.walmart.com/store/2228-pittsfield-ma,walmart,policy,2026-10-05,,,,Not confirmed with this branch,https://corporate.walmart.com/purpose/making-shopping-more-accessible-for-everyone,
walmart-2640,Walmart,Salem,MA,"450 Highland Ave, Salem, MA 01970",978-825-1713,https://www.walmart.com/store/2640-salem-ma,walmart,policy,2026-10-04,,,,Not confirmed with this branch,https://corporate.walmart.com/purpose/making-shopping-more-accessible-for-everyone,
walmart-2222,Walmart,Tewksbury,MA,"333 Main St, Tewksbury, MA 01876",978-851-6265,https://www.walmart.com/store/2222-tewksbury-ma,walmart,policy,2026-10-04,,,,Not confirmed with this branch,https://corporate.walmart.com/purpose/making-shopping-more-accessible-for-everyone,
walmart-2103,Walmart,Walpole,MA,"550 Providence Hwy, Walpole, MA 02081",508-668-4144,https://www.walmart.com/store/2103-walpole-ma,walmart,policy,2026-10-05,,,,Not confirmed with this branch,https://corporate.walmart.com/purpose/making-shopping-more-accessible-for-everyone,
target-1442,Target,Watertown,MA,"550 Arsenal St, Watertown, MA 02472-2853",617-924-6574,https://www.target.com/sl/watertown/1442,target-chain,chain,2026-10-05,,,,Not confirmed with this branch,https://idrpp.usu.edu/uatp/blog/2025/carolines-cart,2025-04-14
wegmans-westwood,Wegmans,Westwood,MA,"169 University Avenue, Westwood, MA 02090",781-234-0300,https://www.wegmans.com/stores/westwood-ma,wegmans,chain,2026-10-04,,,,Not confirmed with this branch,https://idrpp.usu.edu/uatp/blog/2025/carolines-cart,2025-04-14
target-2729,Target,Wilmington,MA,"210 Ballardvale St, Wilmington, MA 01887-1045",978-737-3964,https://www.target.com/sl/wilmington-target-store/2729,wilmington,historical,2026-10-04,,,,Not confirmed with this branch,https://wilmingtonapple.com/2016/02/06/target-to-offer-carolines-carts-designed-for-special-needs-shoppers/,2016-02-06
target-1266,Target,Woburn,MA,"101 Commerce Way, Woburn, MA 01801-1007",781-904-0002,https://www.target.com/sl/woburn/1266,target-chain,chain,2026-10-05,,,,Not confirmed with this branch,https://idrpp.usu.edu/uatp/blog/2025/carolines-cart,2025-04-14
walmart-1868,Walmart,Auburn,ME,"100 Mount Auburn Ave, Auburn, ME 04210",207-784-0738,https://www.walmart.com/store/1868-auburn-me,walmart,policy,2026-10-05,,,,Not confirmed with this branch,https://corporate.walmart.com/purpose/making-shopping-more-accessible-for-everyone,
walmart-2046,Walmart,Augusta,ME,"201 Civic Center Dr, Augusta, ME 04330",207-623-8223,https://www.walmart.com/store/2046-augusta-me,walmart,policy,2026-10-05,,,,Not confirmed with this branch,https://corporate.walmart.com/purpose/making-shopping-more-accessible-for-everyone,
walmart-1856,Walmart,Bangor,ME,"900 Stillwater Ave, Bangor, ME 04401",207-947-5254,https://www.walmart.com/store/1856-bangor-me,walmart,policy,2026-10-05,,,,Not confirmed with this branch,https://corporate.walmart.com/purpose/making-shopping-more-accessible-for-everyone,
walmart-2153,Walmart,Biddeford,ME,"50 Boulder Way, Biddeford, ME 04005",207-286-9551,https://www.walmart.com/store/2153-biddeford-me,walmart,policy,2026-10-04,,,,Not confirmed with this branch,https://corporate.walmart.com/purpose/making-shopping-more-accessible-for-everyone,
walmart-1939,Walmart,Brunswick,ME,"15 Tibbetts Dr, Brunswick, ME 04011",207-725-0773,https://www.walmart.com/store/1939-brunswick-me,walmart,policy,2026-10-05,,,,Not confirmed with this branch,https://corporate.walmart.com/purpose/making-shopping-more-accessible-for-everyone,
walmart-2659,Walmart,Falmouth,ME,"206 US Route 1, Falmouth, ME 04105",207-781-3879,https://www.walmart.com/store/2659-falmouth-me,walmart,policy,2026-10-04,,,,Not confirmed with this branch,https://corporate.walmart.com/purpose/making-shopping-more-accessible-for-everyone,
walmart-1954,Walmart,Sanford,ME,"1930 Main St, Sanford, ME 04073",207-490-1988,https://www.walmart.com/store/1954-sanford-me,walmart,policy,2026-10-04,,,,Not confirmed with this branch,https://corporate.walmart.com/purpose/making-shopping-more-accessible-for-everyone,
walmart-1788,Walmart,Scarborough,ME,"500 Gallery Blvd, Scarborough, ME 04074",207-885-5567,https://www.walmart.com/store/1788-scarborough-me,walmart,policy,2026-10-04,,,,Not confirmed with this branch,https://corporate.walmart.com/purpose/making-shopping-more-accessible-for-everyone,
target-1338,Target,South Portland,ME,"200 Running Hill Rd, South Portland, ME 04106-3258",207-871-1156,https://www.target.com/sl/south-portland/1338,target-chain,chain,2026-10-05,,,,Not confirmed with this branch,https://idrpp.usu.edu/uatp/blog/2025/carolines-cart,2025-04-14
walmart-2055,Walmart,Concord,NH,"344 Loudon Rd, Concord, NH 03301",603-226-9312,https://www.walmart.com/store/2055-concord-nh,walmart,policy,2026-10-04,,,,Not confirmed with this branch,https://corporate.walmart.com/purpose/making-shopping-more-accessible-for-everyone,
walmart-1785,Walmart,Hudson,NH,"254 Lowell Rd, Hudson, NH 03051",603-598-4226,https://www.walmart.com/store/1785-hudson-nh,walmart,policy,2026-10-04,,,,Not confirmed with this branch,https://corporate.walmart.com/purpose/making-shopping-more-accessible-for-everyone,
walmart-2681,Walmart,Littleton,NH,"615 Meadow St, Littleton, NH 03561",603-444-6300,https://www.walmart.com/store/2681-littleton-nh,walmart,policy,2026-10-05,,,,Not confirmed with this branch,https://corporate.walmart.com/purpose/making-shopping-more-accessible-for-everyone,
target-1532,Target,Nashua,NH,"600 Amherst St, Nashua, NH 03063-1002",603-324-0039,https://www.target.com/sl/Nashua-NW-Store/1532,target-chain,chain,2026-10-05,,,,Not confirmed with this branch,https://idrpp.usu.edu/uatp/blog/2025/carolines-cart,2025-04-14
walmart-2140,Walmart,North Conway,NH,"46 N South Rd, North Conway, NH 03860",603-356-0130,https://www.walmart.com/store/2140-north-conway-nh,walmart,policy,2026-10-05,,,,Not confirmed with this branch,https://corporate.walmart.com/purpose/making-shopping-more-accessible-for-everyone,
walmart-2758,Walmart,Plymouth,NH,"683 Tenney Mountain Hwy, Plymouth, NH 03264",603-536-5352,https://www.walmart.com/store/2758-plymouth-nh,walmart,policy,2026-10-05,,,,Not confirmed with this branch,https://corporate.walmart.com/purpose/making-shopping-more-accessible-for-everyone,
walmart-2130,Walmart,Portsmouth,NH,"2460 Lafayette Rd, Portsmouth, NH 03801",603-433-6008,https://www.walmart.com/store/2130-portsmouth-nh,walmart,policy,2026-10-04,,,,Not confirmed with this branch,https://corporate.walmart.com/purpose/making-shopping-more-accessible-for-everyone,
walmart-2142,Walmart,Salem,NH,"326 N Broadway, Salem, NH 03079",603-894-5642,https://www.walmart.com/store/2142-salem-nh,walmart,policy,2026-10-04,,,,Not confirmed with this branch,https://corporate.walmart.com/purpose/making-shopping-more-accessible-for-everyone,
walmart-2369,Walmart,Tilton,NH,"33 Sherwood Drive, Tilton, NH 03276",603-286-7673,https://www.walmart.com/store/2369-tilton-nh,walmart,policy,2026-10-05,,,,Not confirmed with this branch,https://corporate.walmart.com/purpose/making-shopping-more-accessible-for-everyone,
walmart-4389,Walmart,Woodsville,NH,"4901 Dartmouth College Hwy, Woodsville, NH 03785",603-747-8250,https://www.walmart.com/store/4389-woodsville-nh,walmart,policy,2026-10-04,,,,Not confirmed with this branch,https://corporate.walmart.com/purpose/making-shopping-more-accessible-for-everyone,
walmart-2283,Walmart,Coventry,RI,"650 Centre Of New England Blvd, Coventry, RI 02816",401-823-7780,https://www.walmart.com/store/2283-coventry-ri,walmart,policy,2026-10-04,,,,Not confirmed with this branch,https://corporate.walmart.com/purpose/making-shopping-more-accessible-for-everyone,
walmart-1873,Walmart,Cranston,RI,"1776 Plainfield Pike, Cranston, RI 02921",401-946-2030,https://www.walmart.com/store/1873-cranston-ri,walmart,policy,2026-10-04,,,,Not confirmed with this branch,https://corporate.walmart.com/purpose/making-shopping-more-accessible-for-everyone,
target-2073,Target,Lincoln,RI,"620 George Washington Hwy, Lincoln, RI 02865-4216",401-642-0080,https://www.target.com/sl/lincoln/2073,target-chain,chain,2026-10-05,,,,Not confirmed with this branch,https://idrpp.usu.edu/uatp/blog/2025/carolines-cart,2025-04-14
walmart-2261,Walmart,North Kingstown,RI,"1031 Ten Rod Rd, North Kingstown, RI 02852",401-294-0025,https://www.walmart.com/store/2261-north-kingstown-ri,walmart,policy,2026-10-04,,,,Not confirmed with this branch,https://corporate.walmart.com/purpose/making-shopping-more-accessible-for-everyone,
walmart-2225,Walmart,North Smithfield,RI,"7 Dowling Village Blvd, North Smithfield, RI 02896",401-766-1961,https://www.walmart.com/store/2225-north-smithfield-ri,walmart,policy,2026-10-05,,,,Not confirmed with this branch,https://corporate.walmart.com/purpose/making-shopping-more-accessible-for-everyone,
walmart-3301,Walmart,Providence,RI,"51 Silver Spring St, Providence, RI 02904",401-272-5047,https://www.walmart.com/store/3301-providence-ri,walmart,policy,2026-10-04,,,,Not confirmed with this branch,https://corporate.walmart.com/purpose/making-shopping-more-accessible-for-everyone,
target-1188,Target,Warwick,RI,"1245 Bald Hill Rd, Warwick, RI 02886-4233",401-821-0121,https://www.target.com/sl/warwick-route-2/1188,target-chain,chain,2026-10-05,,,,Not confirmed with this branch,https://idrpp.usu.edu/uatp/blog/2025/carolines-cart,2025-04-14
walmart-2747,Walmart,Warwick,RI,"650 Bald Hill Rd, Warwick, RI 02886",401-821-1766,https://www.walmart.com/store/2747-warwick-ri,walmart,policy,2026-10-04,,,,Not confirmed with this branch,https://corporate.walmart.com/purpose/making-shopping-more-accessible-for-everyone,
walmart-2373,Walmart,Warwick,RI,"840 Post Rd, Warwick, RI 02888",401-781-2233,https://www.walmart.com/store/2373-warwick-ri,walmart,policy,2026-10-04,,,,Not confirmed with this branch,https://corporate.walmart.com/purpose/making-shopping-more-accessible-for-everyone,
walmart-1964,Walmart,Westerly,RI,"258 Post Rd, Westerly, RI 02891",401-322-0790,https://www.walmart.com/store/1964-westerly-ri,walmart,policy,2026-10-05,,,,Not confirmed with this branch,https://corporate.walmart.com/purpose/making-shopping-more-accessible-for-everyone,
walmart-2289,Walmart,Bennington,VT,"210 Northside Dr, Bennington, VT 05201",802-447-1614,https://www.walmart.com/store/2289-bennington-vt,walmart,policy,2026-10-05,,,,Not confirmed with this branch,https://corporate.walmart.com/purpose/making-shopping-more-accessible-for-everyone,
walmart-2682,Walmart,Berlin,VT,"282 Berlin Mall Rd, Berlin, VT 05602",802-229-7792,https://www.walmart.com/store/2682-berlin-vt,walmart,policy,2026-10-04,,,,Not confirmed with this branch,https://corporate.walmart.com/purpose/making-shopping-more-accessible-for-everyone,
walmart-4156,Walmart,Derby,VT,"115 Seymour Drive, Derby, VT 05829",802-624-8012,https://www.walmart.com/store/4156-derby-vt,walmart,policy,2026-10-05,,,,Not confirmed with this branch,https://corporate.walmart.com/purpose/making-shopping-more-accessible-for-everyone,
walmart-2530,Walmart,Rutland,VT,"90 Shopping Plaza Rd, Rutland, VT 05701",802-773-0200,https://www.walmart.com/store/2530-rutland-vt,walmart,policy,2026-10-04,,,,Not confirmed with this branch,https://corporate.walmart.com/purpose/making-shopping-more-accessible-for-everyone,
target-3306,Target,South Burlington,VT,"155 Dorset St, South Burlington, VT 05403-6346",802-923-4473,https://www.target.com/sl/-/3306,target-chain,chain,2026-10-05,,,,Not confirmed with this branch,https://idrpp.usu.edu/uatp/blog/2025/carolines-cart,2025-04-14
walmart-2332,Walmart,St. Albans,VT,"700 Tuckers Way, St. Albans, VT 05478",802-528-4110,https://www.walmart.com/store/2332-st.-albans-vt,walmart,policy,2026-10-04,,,,Not confirmed with this branch,https://corporate.walmart.com/purpose/making-shopping-more-accessible-for-everyone,
walmart-2224,Walmart,Williston,VT,"863 Harvest Ln, Williston, VT 05495",802-878-5233,https://www.walmart.com/store/2224-williston-vt,walmart,policy,2026-10-04,,,,Not confirmed with this branch,https://corporate.walmart.com/purpose/making-shopping-more-accessible-for-everyone,
